GO.ID	Classic_Fisher
GO:0010976	2.1e-05
GO:0051897	2.1e-05
GO:0007409	3.9e-05
GO:0033674	0.00049
GO:0007169	0.00108
GO:0051496	0.00257
GO:0033387	0.00768
GO:0008045	0.01911
GO:0035336	0.02289
GO:0035337	0.03417
GO:1901568	0.03541
GO.ID	Classic_Fisher
GO:0043235	0.00099
GO.ID	Classic_Fisher
GO:0008506	0.0068
GO:0004586	0.0082
GO:0080019	0.023
GO:0008081	0.0257
GO:0016620	0.0324
GO:0016903	0.039
