TermID	Name	Value	LogSize	Frequency	Uniqueness	Dispensability	Representative
GO:0007169	"cell surface receptor protein tyrosine kinase signaling pathway"	-1.8356471442155629	5.142599053364366	0.39424319648997336	0.34304263346938185	0.11911124 null
GO:0007167	"enzyme-linked receptor protein signaling pathway"  -1.5816987086802545	5.311336313992774	0.5814367456939749	0.3414029326572249	0.70949193 null
GO:0033674	"positive regulation of kinase activity"	-2.00436480540245	2.6127838567197355	0.0011611587239813855	0.7734979176974734	0 null

