TermID	Name	Value	LogSize	Frequency	Uniqueness	Dispensability	Representative
GO:0004586	"ornithine decarboxylase activity"	-2.0861861476162833	3.846398973034675	0.017144534334665316	0.953306393340562	0	null
GO:0008081	"phosphoric diester hydrolase activity"	-1.5900668766687054	5.294137625341025	0.48075521136451105	0.9431959185259717	0.03068114	null
GO:0008506	"sucrose:proton symporter activity"	-2.167491087293764	3.8903092168999485	0.018968888629251498	1	0	null
GO:0016620	"oxidoreductase activity, acting on the aldehyde or oxo group of donors, NAD or NADP as acceptor"	-1.489454989793388	5.324426510141732	0.515481441236962	0.5850674593303702	0.38597504	null
GO:0080019	"alcohol-forming very long-chain fatty acyl-CoA reductase activity"	80019	-1.6382721639824072	3.9387698227831174	0.02120842395473413	0.6182220659820198	0.71817802	16620
GO:0016903	"oxidoreductase activity, acting on the aldehyde or oxo group of donors"	-1.408935392973501	5.4565208937574745	0.6987276948265073	0.7213298660212887	0.04172378	null
